New Training Session, Net Version 50 ,,,
Epoch, iterations, Running Loss, Lowest Running Loss, Mark Number 
0,999,31599.54688,31599.54688,0
1,999,29634.37109,31599.54688,0
2,999,32709.53516,29634.37109,1
3,999,31807.16797,29634.37109,1
4,999,34534.48828,29634.37109,1
5,999,30495.49609,29634.37109,1
6,999,26741.96484,29634.37109,1
7,999,29176.55078,26741.96484,2
8,999,34557.02344,26741.96484,2
9,999,31766.62695,26741.96484,2
10,999,29903.60156,26741.96484,2
11,999,33141.75391,26741.96484,2
12,999,34467.22656,26741.96484,2
13,999,30944.82227,26741.96484,2
14,999,42323.87891,26741.96484,2
15,999,33023.50391,26741.96484,2
16,999,30618.53711,26741.96484,2
17,999,31216.85547,26741.96484,2
18,999,32853.34375,26741.96484,2
19,999,34428.9375,26741.96484,2
20,999,44815.37109,26741.96484,2
21,999,36801.70313,26741.96484,2
22,999,29748.31445,26741.96484,2
23,999,29122.9082,26741.96484,2
24,999,33151.0625,26741.96484,2
25,999,34320.87109,26741.96484,2
26,999,32086.375,26741.96484,2
27,999,29353.66406,26741.96484,2
28,999,33192.45703,26741.96484,2
29,999,32853.53906,26741.96484,2
30,999,27535.77148,26741.96484,2
31,999,36090.94922,26741.96484,2
32,999,24133.67969,26741.96484,2
33,999,30577.75781,24133.67969,3
34,999,28418.08203,24133.67969,3
35,999,30841.0332,24133.67969,3
36,999,37494.63281,24133.67969,3
37,999,33317.85938,24133.67969,3
38,999,31058.93359,24133.67969,3
39,999,30518.74219,24133.67969,3
40,999,27187.67383,24133.67969,3
41,999,27429.63477,24133.67969,3
42,999,36808.31641,24133.67969,3
43,999,31845.00391,24133.67969,3
44,999,32902.5,24133.67969,3
45,999,36422.8125,24133.67969,3
46,999,34307.42188,24133.67969,3
47,999,28767.82227,24133.67969,3
48,999,31724.53125,24133.67969,3
49,999,41955.07813,24133.67969,3
50,999,33251.38672,24133.67969,3
51,999,33825.50391,24133.67969,3
52,999,28805.82617,24133.67969,3
53,999,32969.98047,24133.67969,3
54,999,28053.63672,24133.67969,3
55,999,34708.97266,24133.67969,3
56,999,39944.77344,24133.67969,3
57,999,42030.88281,24133.67969,3
58,999,37426.10547,24133.67969,3
59,999,34775.44922,24133.67969,3
60,999,35755.44922,24133.67969,3
61,999,29804.21094,24133.67969,3
62,999,44486.69531,24133.67969,3
63,999,36678.07031,24133.67969,3
64,999,31040.92969,24133.67969,3
65,999,36358.39844,24133.67969,3
66,999,32316.82617,24133.67969,3
67,999,35754.625,24133.67969,3
68,999,52652.55859,24133.67969,3
69,999,41249.16016,24133.67969,3
70,999,31345.42773,24133.67969,3
71,999,30760.33984,24133.67969,3
72,999,32928.37109,24133.67969,3
73,999,30592.16797,24133.67969,3
74,999,33356.53906,24133.67969,3
75,999,30957.99219,24133.67969,3
76,999,35682.87109,24133.67969,3
77,999,31173.49414,24133.67969,3
78,999,36422.35156,24133.67969,3
79,999,32893.85547,24133.67969,3
80,999,30173.06836,24133.67969,3
81,999,30676.91016,24133.67969,3
82,999,34880.16797,24133.67969,3
83,999,37680.95703,24133.67969,3
84,999,48917.17578,24133.67969,3
85,999,31975.06055,24133.67969,3
86,999,31444.71484,24133.67969,3
87,999,47620.86719,24133.67969,3
88,999,24926.69141,24133.67969,3
89,999,30108.27539,24133.67969,3
90,999,31753.3418,24133.67969,3
91,999,35068.03125,24133.67969,3
92,999,31236.69922,24133.67969,3
93,999,34809.22656,24133.67969,3
94,999,35017.50781,24133.67969,3
95,999,32426.75781,24133.67969,3
96,999,39407.98828,24133.67969,3
97,999,31540.39258,24133.67969,3
98,999,39223.33203,24133.67969,3
99,999,41717.05078,24133.67969,3
100,999,39017.48047,24133.67969,3
101,999,41735.55469,24133.67969,3
102,999,30084.24219,24133.67969,3
103,999,30467.27539,24133.67969,3
104,999,32957.85547,24133.67969,3
105,999,38406.91797,24133.67969,3
106,999,33009.10547,24133.67969,3
107,999,31069.01953,24133.67969,3
108,999,39158.39844,24133.67969,3
109,999,38091.15234,24133.67969,3
110,999,39782.32422,24133.67969,3
111,999,26967.04688,24133.67969,3
112,999,38255.25781,24133.67969,3
113,999,37782.40234,24133.67969,3
114,999,37376.72656,24133.67969,3
115,999,26188.72656,24133.67969,3
116,999,35038.24219,24133.67969,3
117,999,34039.64063,24133.67969,3
118,999,32012.49219,24133.67969,3
119,999,34386.76172,24133.67969,3
120,999,38425.05859,24133.67969,3
121,999,35363.53125,24133.67969,3
122,999,32039.85547,24133.67969,3
123,999,31527.10742,24133.67969,3
124,999,34418.05469,24133.67969,3
125,999,36311.94141,24133.67969,3
126,999,43989.30859,24133.67969,3
127,999,36358.39844,24133.67969,3
128,999,30487.62305,24133.67969,3
129,999,41197.83984,24133.67969,3
130,999,26736.31641,24133.67969,3
131,999,43354.83594,24133.67969,3
132,999,36275.73047,24133.67969,3
133,999,33874.91016,24133.67969,3
134,999,44573.41016,24133.67969,3
135,999,38650.44922,24133.67969,3
136,999,27798.66016,24133.67969,3
137,999,36610.47656,24133.67969,3
138,999,32925.29688,24133.67969,3
139,999,40460.17578,24133.67969,3
140,999,44248.71875,24133.67969,3
141,999,33863.19531,24133.67969,3
142,999,38124.08203,24133.67969,3
143,999,37369.14453,24133.67969,3
144,999,29666.66211,24133.67969,3
145,999,32353.86523,24133.67969,3
146,999,29935.19141,24133.67969,3
147,999,25383.75586,24133.67969,3
148,999,29798.81445,24133.67969,3
149,999,40634.64453,24133.67969,3
150,999,39102.69922,24133.67969,3
151,999,27756.46289,24133.67969,3
152,999,31378.2832,24133.67969,3
153,999,36473.32813,24133.67969,3
154,999,32826.02734,24133.67969,3
155,999,30944.72266,24133.67969,3
156,999,30942.46289,24133.67969,3
157,999,30128.75586,24133.67969,3
158,999,31155.34766,24133.67969,3
159,999,35731.55469,24133.67969,3
160,999,45868.74219,24133.67969,3
161,999,41694.96094,24133.67969,3
162,999,35483.28516,24133.67969,3
163,999,24807.69531,24133.67969,3
164,999,31390.23438,24133.67969,3
165,999,27684.29883,24133.67969,3
166,999,32649.82617,24133.67969,3
167,999,32175.9082,24133.67969,3
168,999,35102.77344,24133.67969,3
169,999,29188.21875,24133.67969,3
170,999,36953.68359,24133.67969,3
171,999,30057.50195,24133.67969,3
172,999,38195.98047,24133.67969,3
173,999,34396.11328,24133.67969,3
174,999,37114.14453,24133.67969,3
175,999,41067.64063,24133.67969,3
176,999,36912.96875,24133.67969,3
177,999,33008.00391,24133.67969,3
178,999,28405.77344,24133.67969,3
179,999,34353.13672,24133.67969,3
180,999,29484.94336,24133.67969,3
181,999,38460.89453,24133.67969,3
182,999,30068.36914,24133.67969,3
183,999,26312.27344,24133.67969,3
184,999,36403.1875,24133.67969,3
185,999,35421.40234,24133.67969,3
186,999,38523.12891,24133.67969,3
187,999,33454.65625,24133.67969,3
188,999,53891.30078,24133.67969,3
189,999,36073.02344,24133.67969,3
190,999,43843.51953,24133.67969,3
191,999,38729.24219,24133.67969,3
192,999,37250.40625,24133.67969,3
193,999,34139.08984,24133.67969,3
194,999,38709.75391,24133.67969,3
195,999,42914.79688,24133.67969,3
196,999,25081.14063,24133.67969,3
197,999,27462.98242,24133.67969,3
198,999,24819.74609,24133.67969,3
199,999,44853.33984,24133.67969,3
200,999,33160.81641,24133.67969,3
201,999,30377.41992,24133.67969,3
202,999,31795.15039,24133.67969,3
203,999,30088.67969,24133.67969,3
204,999,37330.64844,24133.67969,3
205,999,45428.92188,24133.67969,3
206,999,38456.03906,24133.67969,3
207,999,37012.17578,24133.67969,3
208,999,29517.2168,24133.67969,3
209,999,33361.42188,24133.67969,3
210,999,40000.22656,24133.67969,3
211,999,41602.31641,24133.67969,3
212,999,29178.05273,24133.67969,3
213,999,34010.25391,24133.67969,3
214,999,23606.05078,24133.67969,3
215,999,31089.39648,23606.05078,4
216,999,28707.04492,23606.05078,4
217,999,26974.84375,23606.05078,4
218,999,31174.85742,23606.05078,4
219,999,34710.35547,23606.05078,4
220,999,39431.30859,23606.05078,4
221,999,34935.91016,23606.05078,4
222,999,34643.09766,23606.05078,4
223,999,26640.00977,23606.05078,4
224,999,38279.64063,23606.05078,4
225,999,37301.77734,23606.05078,4
226,999,28765.2207,23606.05078,4
227,999,43526.50781,23606.05078,4
228,999,37047.01172,23606.05078,4
229,999,39074.90234,23606.05078,4
230,999,35455.21875,23606.05078,4
231,999,33264.51953,23606.05078,4
232,999,39764.28906,23606.05078,4
233,999,29688.96094,23606.05078,4
234,999,35344.51172,23606.05078,4
235,999,41796.69141,23606.05078,4
236,999,40339.34375,23606.05078,4
237,999,33664.41797,23606.05078,4
238,999,37864.94141,23606.05078,4
239,999,44176.625,23606.05078,4
240,999,36636.60547,23606.05078,4
241,999,46787.38672,23606.05078,4
242,999,33083.81641,23606.05078,4
243,999,36408.99219,23606.05078,4
244,999,40944.56641,23606.05078,4
245,999,35980.97656,23606.05078,4
246,999,35125.75391,23606.05078,4
247,999,40757.86328,23606.05078,4
248,999,25418.19336,23606.05078,4
249,999,38350.50391,23606.05078,4
250,999,33779.38672,23606.05078,4
251,999,49869.76563,23606.05078,4
252,999,41987.19141,23606.05078,4
253,999,40827.625,23606.05078,4
254,999,37640.73828,23606.05078,4
255,999,32986.50781,23606.05078,4
256,999,32853.01563,23606.05078,4
257,999,38752.44922,23606.05078,4
258,999,31296.75586,23606.05078,4
259,999,35298.26172,23606.05078,4
260,999,35731.58203,23606.05078,4
261,999,40213.99609,23606.05078,4
262,999,45759.80469,23606.05078,4
263,999,42154.74609,23606.05078,4
264,999,27960.36914,23606.05078,4
265,999,35504.70313,23606.05078,4
266,999,38616.70313,23606.05078,4
267,999,46619.92969,23606.05078,4
268,999,41647.78516,23606.05078,4
269,999,43013.48047,23606.05078,4
270,999,40234.08984,23606.05078,4
271,999,39609.78516,23606.05078,4
272,999,30135.7793,23606.05078,4
273,999,37499.62891,23606.05078,4
274,999,19767.10547,23606.05078,4
275,999,33821.02734,19767.10547,5
276,999,38526.27344,19767.10547,5
277,999,41726.48828,19767.10547,5
278,999,30280.83203,19767.10547,5
279,999,43094.57031,19767.10547,5
280,999,41144.39844,19767.10547,5
281,999,34712.41016,19767.10547,5
282,999,20582.41992,19767.10547,5
283,999,33667.52344,19767.10547,5
284,999,35611.32031,19767.10547,5
285,999,37510.38281,19767.10547,5
286,999,37444.19531,19767.10547,5
287,999,35634.05469,19767.10547,5
288,999,46392.91016,19767.10547,5
289,999,47381.77734,19767.10547,5
290,999,35113.58594,19767.10547,5
291,999,43937.22266,19767.10547,5
292,999,44082.67578,19767.10547,5
293,999,45269.65625,19767.10547,5
294,999,40538.36328,19767.10547,5
295,999,46554.73828,19767.10547,5
296,999,38691.59375,19767.10547,5
297,999,44028.28516,19767.10547,5
298,999,32018.39453,19767.10547,5
299,999,43443.16406,19767.10547,5
300,999,40009.60156,19767.10547,5
301,999,35474.14453,19767.10547,5
302,999,34640.61719,19767.10547,5
303,999,49871.08984,19767.10547,5
304,999,53697.29688,19767.10547,5
305,999,34363.92578,19767.10547,5
306,999,33319.08984,19767.10547,5
307,999,49640.82813,19767.10547,5
308,999,49058.30859,19767.10547,5
309,999,27078.60547,19767.10547,5
310,999,39847.60938,19767.10547,5
311,999,31576.11719,19767.10547,5
312,999,31637.29492,19767.10547,5
313,999,37009.89453,19767.10547,5
314,999,39566.93359,19767.10547,5
315,999,49619.83984,19767.10547,5
316,999,36987.91797,19767.10547,5
317,999,32517.49805,19767.10547,5
318,999,29432.27148,19767.10547,5
319,999,39205.74609,19767.10547,5
320,999,31400.75586,19767.10547,5
321,999,32707.58008,19767.10547,5
322,999,49101.54688,19767.10547,5
323,999,26475.69922,19767.10547,5
324,999,44447.01953,19767.10547,5
325,999,38911.75391,19767.10547,5
326,999,54132.61328,19767.10547,5
327,999,36713.62891,19767.10547,5
328,999,32450.02539,19767.10547,5
329,999,35772.38672,19767.10547,5
330,999,45910.72656,19767.10547,5
331,999,39654.125,19767.10547,5
332,999,40925.92969,19767.10547,5
333,999,37064.82422,19767.10547,5
334,999,33926.05859,19767.10547,5
335,999,38010.36719,19767.10547,5
336,999,53240.4375,19767.10547,5
337,999,36654.66797,19767.10547,5
338,999,42852.01563,19767.10547,5
339,999,34406.34375,19767.10547,5
340,999,40633.10938,19767.10547,5
341,999,45293.04297,19767.10547,5
342,999,39330.39453,19767.10547,5
343,999,52078.91797,19767.10547,5
344,999,37048.55078,19767.10547,5
345,999,35308.70703,19767.10547,5
346,999,23178.54102,19767.10547,5
347,999,40855.35938,19767.10547,5
348,999,49687.24609,19767.10547,5
349,999,45940.19141,19767.10547,5
350,999,35477.03516,19767.10547,5
351,999,37624.95703,19767.10547,5
352,999,39378.51953,19767.10547,5
353,999,47581.23438,19767.10547,5
354,999,51033.60156,19767.10547,5
355,999,33096.91406,19767.10547,5
356,999,28476.66992,19767.10547,5
357,999,28882.72266,19767.10547,5
358,999,37809.85547,19767.10547,5
359,999,32032.2207,19767.10547,5
360,999,55027.26563,19767.10547,5
361,999,26788.02539,19767.10547,5
362,999,40971,19767.10547,5
363,999,47871.41016,19767.10547,5
364,999,41160.83594,19767.10547,5
365,999,40749.98828,19767.10547,5
366,999,43914.53906,19767.10547,5
367,999,43619.45703,19767.10547,5
368,999,43185.20313,19767.10547,5
369,999,38628.03516,19767.10547,5
370,999,46514.94922,19767.10547,5
371,999,32440.01758,19767.10547,5
372,999,37543.72266,19767.10547,5
373,999,38356.48047,19767.10547,5
374,999,43043.30078,19767.10547,5
375,999,40957.75,19767.10547,5
376,999,38476.28906,19767.10547,5
377,999,38055.90234,19767.10547,5
378,999,48023.20313,19767.10547,5
379,999,29596.00391,19767.10547,5
380,999,48229.0625,19767.10547,5
381,999,34680.55859,19767.10547,5
382,999,37171.11719,19767.10547,5
383,999,23162.48828,19767.10547,5
384,999,39903.45313,19767.10547,5
385,999,39490.11719,19767.10547,5
386,999,29178.20117,19767.10547,5
387,999,35729.99219,19767.10547,5
388,999,43745.83203,19767.10547,5
389,999,38348.57813,19767.10547,5
390,999,45653.78516,19767.10547,5
391,999,39150.46484,19767.10547,5
392,999,42676.98438,19767.10547,5
393,999,32735.90234,19767.10547,5
394,999,33691.91016,19767.10547,5
395,999,40402.98047,19767.10547,5
396,999,38248.26953,19767.10547,5
397,999,35191.21875,19767.10547,5
398,999,35944.51563,19767.10547,5
399,999,41624.14844,19767.10547,5
400,999,46509.20313,19767.10547,5
401,999,27783.42383,19767.10547,5
402,999,51784.92578,19767.10547,5
403,999,52058.69922,19767.10547,5
404,999,46003.15625,19767.10547,5
405,999,58396.80078,19767.10547,5
406,999,34658.28906,19767.10547,5
407,999,31803.48828,19767.10547,5
408,999,50309.96094,19767.10547,5
409,999,38524.72266,19767.10547,5
410,999,32446.65625,19767.10547,5
411,999,41812.1875,19767.10547,5
412,999,35894.03906,19767.10547,5
413,999,38781.55859,19767.10547,5
414,999,45137.97266,19767.10547,5
415,999,41101.41016,19767.10547,5
416,999,60764.75391,19767.10547,5
417,999,41176.57031,19767.10547,5
418,999,65964.9375,19767.10547,5
419,999,35526.37109,19767.10547,5
420,999,53191.48438,19767.10547,5
421,999,35726.625,19767.10547,5
422,999,47118.61328,19767.10547,5
423,999,59457.44141,19767.10547,5
424,999,38821.42188,19767.10547,5
425,999,47817.13281,19767.10547,5
426,999,47855.79688,19767.10547,5
427,999,37883.76563,19767.10547,5
428,999,53651.25781,19767.10547,5
429,999,48384.63281,19767.10547,5
430,999,52864.11328,19767.10547,5
431,999,41772.1875,19767.10547,5
432,999,45593.71094,19767.10547,5
433,999,40881.61719,19767.10547,5
434,999,39794.94531,19767.10547,5
435,999,37186.91406,19767.10547,5
436,999,45228.98438,19767.10547,5
437,999,46251.78906,19767.10547,5
438,999,42154.82422,19767.10547,5
439,999,48356.26953,19767.10547,5
440,999,55814.375,19767.10547,5
441,999,32092.54883,19767.10547,5
442,999,44953.17578,19767.10547,5
443,999,46416.0625,19767.10547,5
444,999,41279.08984,19767.10547,5
445,999,45643.77344,19767.10547,5
446,999,42230.67969,19767.10547,5
447,999,37484.08203,19767.10547,5
448,999,51872.71094,19767.10547,5
449,999,30765.53906,19767.10547,5
450,999,44234.86328,19767.10547,5
451,999,42286.27344,19767.10547,5
452,999,41746.80469,19767.10547,5
453,999,33045.53125,19767.10547,5
454,999,48039.36719,19767.10547,5
455,999,43697.37891,19767.10547,5
456,999,39399.39453,19767.10547,5
457,999,48123.47266,19767.10547,5
458,999,46858.97656,19767.10547,5
459,999,36429.73828,19767.10547,5
460,999,57158.02734,19767.10547,5
461,999,26422.33008,19767.10547,5
462,999,43955.92188,19767.10547,5
463,999,35363.91406,19767.10547,5
464,999,48675.10156,19767.10547,5
465,999,41215.71094,19767.10547,5
466,999,38062.67578,19767.10547,5
467,999,40108.34766,19767.10547,5
468,999,48613.23828,19767.10547,5
469,999,40275.50781,19767.10547,5
470,999,45792.34375,19767.10547,5
471,999,43228.35156,19767.10547,5
472,999,42721.42969,19767.10547,5
473,999,48425.54297,19767.10547,5
474,999,42904.02344,19767.10547,5
475,999,39086.61328,19767.10547,5
476,999,42123.66406,19767.10547,5
477,999,48281.86719,19767.10547,5
478,999,41493.64453,19767.10547,5
479,999,36817.02344,19767.10547,5
480,999,38542.65625,19767.10547,5
481,999,45108.60547,19767.10547,5
482,999,42647.04688,19767.10547,5
483,999,47001.72656,19767.10547,5
484,999,46637.47656,19767.10547,5
485,999,31901.07422,19767.10547,5
486,999,60934.27344,19767.10547,5
487,999,32812.51563,19767.10547,5
488,999,49654.1875,19767.10547,5
489,999,46458.94922,19767.10547,5
490,999,48215.84375,19767.10547,5
491,999,34837.16797,19767.10547,5
492,999,46400.93359,19767.10547,5
493,999,59183.99609,19767.10547,5
494,999,32360.07031,19767.10547,5
495,999,41523.23828,19767.10547,5
496,999,51003.75781,19767.10547,5
497,999,42887.70703,19767.10547,5
498,999,38487.66406,19767.10547,5
499,999,48515.78125,19767.10547,5
500,999,36197.68359,19767.10547,5
501,999,49997.25,19767.10547,5
502,999,45312.69531,19767.10547,5
503,999,45026.94531,19767.10547,5
504,999,46700.79297,19767.10547,5
505,999,47181.92188,19767.10547,5
506,999,43674.3125,19767.10547,5
507,999,42057.80859,19767.10547,5
508,999,53093.17969,19767.10547,5
509,999,40621.35938,19767.10547,5
510,999,31608.83789,19767.10547,5
511,999,43678.43359,19767.10547,5
512,999,44467.30469,19767.10547,5
513,999,49644.01953,19767.10547,5
514,999,42706.59766,19767.10547,5
515,999,44853.03516,19767.10547,5
516,999,37242.09375,19767.10547,5
517,999,40257.29297,19767.10547,5
518,999,44404.13672,19767.10547,5
519,999,50628.47656,19767.10547,5
520,999,52621.52344,19767.10547,5
521,999,38084.21484,19767.10547,5
522,999,51030.52734,19767.10547,5
523,999,40357.19141,19767.10547,5
524,999,51522.70703,19767.10547,5
525,999,52264.20703,19767.10547,5
526,999,41088.14453,19767.10547,5
527,999,49802.39453,19767.10547,5
528,999,42529.03906,19767.10547,5
529,999,36168.79688,19767.10547,5
530,999,57925.66797,19767.10547,5
531,999,48052.28125,19767.10547,5
532,999,43345.58594,19767.10547,5
533,999,45161.75,19767.10547,5
534,999,47567.75781,19767.10547,5
535,999,39046.47266,19767.10547,5
536,999,54398.83203,19767.10547,5
537,999,49081.92969,19767.10547,5
538,999,45763.36328,19767.10547,5
539,999,42382.32422,19767.10547,5
540,999,55026.05859,19767.10547,5
541,999,37895.00391,19767.10547,5
542,999,43795.80469,19767.10547,5
543,999,44125.80859,19767.10547,5
544,999,33226.875,19767.10547,5
545,999,41741.55078,19767.10547,5
546,999,47015.26953,19767.10547,5
547,999,41816.94922,19767.10547,5
548,999,44398.51172,19767.10547,5
549,999,44569.52344,19767.10547,5
550,999,50174.33594,19767.10547,5
551,999,55819.97266,19767.10547,5
552,999,46735.93359,19767.10547,5
553,999,54965.74219,19767.10547,5
554,999,45736.72266,19767.10547,5
555,999,51440.66016,19767.10547,5
556,999,52863.96094,19767.10547,5
557,999,46953.38281,19767.10547,5
558,999,46087.11328,19767.10547,5
559,999,53281.30469,19767.10547,5
560,999,45768.64844,19767.10547,5
561,999,44211.78125,19767.10547,5
562,999,31530.63477,19767.10547,5
563,999,41830.64453,19767.10547,5
564,999,46973.64453,19767.10547,5
565,999,57284.17578,19767.10547,5
566,999,45257.80469,19767.10547,5
567,999,33540.10938,19767.10547,5
568,999,40651.14453,19767.10547,5
569,999,51209.45703,19767.10547,5
570,999,44367.10156,19767.10547,5
571,999,44120.46484,19767.10547,5
572,999,45804.47266,19767.10547,5
573,999,38649.72656,19767.10547,5
574,999,39107.33984,19767.10547,5
575,999,32298.94141,19767.10547,5
576,999,37703.78125,19767.10547,5
577,999,54872.78516,19767.10547,5
578,999,43955.30859,19767.10547,5
579,999,50515.52344,19767.10547,5
580,999,35328.28516,19767.10547,5
581,999,59046.92578,19767.10547,5
582,999,41607.40234,19767.10547,5
583,999,50538.32813,19767.10547,5
584,999,48930.66797,19767.10547,5
585,999,50743.45703,19767.10547,5
586,999,52878.72656,19767.10547,5
587,999,41373.60938,19767.10547,5
588,999,43930.70703,19767.10547,5
589,999,58426.04688,19767.10547,5
590,999,47478.66406,19767.10547,5
591,999,54484.92578,19767.10547,5
592,999,45674.66016,19767.10547,5
593,999,52246.94141,19767.10547,5
594,999,46479.60547,19767.10547,5
595,999,43854.53906,19767.10547,5
596,999,28863.49609,19767.10547,5
597,999,50636.75,19767.10547,5
598,999,47623.49219,19767.10547,5
599,999,36784.21484,19767.10547,5
600,999,41982.41406,19767.10547,5
601,999,50000.64063,19767.10547,5
602,999,39604.64844,19767.10547,5
603,999,36643.42188,19767.10547,5
604,999,49075.54688,19767.10547,5
605,999,37837.15234,19767.10547,5
606,999,48788.32031,19767.10547,5
607,999,49847.38281,19767.10547,5
608,999,45702.1875,19767.10547,5
609,999,41952.53906,19767.10547,5
610,999,40123.50781,19767.10547,5
611,999,31552.56445,19767.10547,5
612,999,39068.66797,19767.10547,5
613,999,40356.97266,19767.10547,5
614,999,44631.48828,19767.10547,5
615,999,55073.19141,19767.10547,5
616,999,49190.81641,19767.10547,5
617,999,49945.98438,19767.10547,5
618,999,48395.76953,19767.10547,5
619,999,43993.71094,19767.10547,5
620,999,48090.55469,19767.10547,5
621,999,43818.14453,19767.10547,5
622,999,48616.43359,19767.10547,5
623,999,47720.97266,19767.10547,5
624,999,40345.1875,19767.10547,5
625,999,39450.56641,19767.10547,5
626,999,43151.14063,19767.10547,5
627,999,43032.01563,19767.10547,5
628,999,39505.00391,19767.10547,5
629,999,33212.76172,19767.10547,5
630,999,37791.63281,19767.10547,5
631,999,51326,19767.10547,5
632,999,42605.71094,19767.10547,5
633,999,42213.27344,19767.10547,5
634,999,39189.98438,19767.10547,5
635,999,46308.99609,19767.10547,5
636,999,47371.14844,19767.10547,5
637,999,41759.87891,19767.10547,5
638,999,37633.57813,19767.10547,5
639,999,52380.41797,19767.10547,5
640,999,37777.35547,19767.10547,5
641,999,41755.73047,19767.10547,5
642,999,41197.89063,19767.10547,5
643,999,50088,19767.10547,5
644,999,47005.64844,19767.10547,5
645,999,42189.51953,19767.10547,5
646,999,46227.82031,19767.10547,5
647,999,44645.38281,19767.10547,5
648,999,50164.32813,19767.10547,5
649,999,59732.5,19767.10547,5
650,999,38776.12109,19767.10547,5
651,999,41740.58594,19767.10547,5
652,999,34449.14063,19767.10547,5
653,999,38675.08594,19767.10547,5
654,999,46438.71875,19767.10547,5
655,999,53316.27734,19767.10547,5
656,999,40577.07813,19767.10547,5
657,999,46066.67578,19767.10547,5
658,999,45039.97656,19767.10547,5
659,999,36072.13672,19767.10547,5
660,999,46625.08984,19767.10547,5
661,999,41746.88672,19767.10547,5
662,999,52998.00781,19767.10547,5
663,999,47529.05859,19767.10547,5
664,999,57123.83984,19767.10547,5
665,999,53555.35156,19767.10547,5
666,999,48316.25781,19767.10547,5
667,999,42626.35938,19767.10547,5
668,999,42335.89063,19767.10547,5
669,999,41625.50781,19767.10547,5
670,999,33796.54688,19767.10547,5
671,999,38175.91797,19767.10547,5
672,999,54135.27344,19767.10547,5
673,999,44558.78125,19767.10547,5
674,999,45770.61719,19767.10547,5
675,999,55431.85547,19767.10547,5
676,999,48610.22266,19767.10547,5
677,999,50267.62109,19767.10547,5
678,999,47365.82422,19767.10547,5
679,999,40451.05469,19767.10547,5
680,999,51120.17969,19767.10547,5
681,999,41745.61328,19767.10547,5
682,999,38134.46094,19767.10547,5
683,999,30794.66016,19767.10547,5
684,999,45565.60547,19767.10547,5
685,999,37933.1875,19767.10547,5
686,999,39287.76563,19767.10547,5
687,999,47760.64063,19767.10547,5
688,999,34758.1875,19767.10547,5
689,999,47856.17578,19767.10547,5
690,999,36450.44531,19767.10547,5
691,999,49923.19531,19767.10547,5
692,999,52216.83984,19767.10547,5
693,999,43556.69922,19767.10547,5
694,999,42991.85938,19767.10547,5
695,999,44104.58594,19767.10547,5
696,999,45140.91797,19767.10547,5
697,999,39659.375,19767.10547,5
698,999,47072.16016,19767.10547,5
699,999,40244.47656,19767.10547,5
700,999,45482.52344,19767.10547,5
701,999,52473.30078,19767.10547,5
702,999,50873.71484,19767.10547,5
703,999,52671.83594,19767.10547,5
704,999,50234.58203,19767.10547,5
705,999,43382.8125,19767.10547,5
706,999,48219.50781,19767.10547,5
707,999,43309.69141,19767.10547,5
708,999,39783.91016,19767.10547,5
709,999,43427.01953,19767.10547,5
710,999,46788.28906,19767.10547,5
711,999,46701.12891,19767.10547,5
712,999,42975.93359,19767.10547,5
713,999,42415.73828,19767.10547,5
714,999,40765.75781,19767.10547,5
715,999,47266.36719,19767.10547,5
716,999,40370.53516,19767.10547,5
717,999,43825.57813,19767.10547,5
718,999,48720.72656,19767.10547,5
719,999,29837.24609,19767.10547,5
720,999,42327.28125,19767.10547,5
721,999,41377.42578,19767.10547,5
722,999,36837.68359,19767.10547,5
723,999,46343.96094,19767.10547,5
724,999,43745.51953,19767.10547,5
725,999,53439.50391,19767.10547,5
726,999,47223.74219,19767.10547,5
727,999,47366.08203,19767.10547,5
728,999,52560.78906,19767.10547,5
729,999,50314.11719,19767.10547,5
730,999,45452.02344,19767.10547,5
731,999,38674.75781,19767.10547,5
732,999,53524.60156,19767.10547,5
733,999,53502.15625,19767.10547,5
734,999,48244.66016,19767.10547,5
735,999,42840.61328,19767.10547,5
736,999,38654.98047,19767.10547,5
737,999,44270.6875,19767.10547,5
738,999,46229.45703,19767.10547,5
739,999,39311.84375,19767.10547,5
740,999,42759.83984,19767.10547,5
741,999,33264.69141,19767.10547,5
742,999,32594.52344,19767.10547,5
743,999,44304.36719,19767.10547,5
744,999,46250.94141,19767.10547,5
745,999,33254.49219,19767.10547,5
746,999,45649.78906,19767.10547,5
747,999,47898.66406,19767.10547,5
748,999,34703.89844,19767.10547,5
749,999,46540.55859,19767.10547,5
750,999,30556.93555,19767.10547,5
751,999,35270.89453,19767.10547,5
752,999,42979.63281,19767.10547,5
753,999,45337.55469,19767.10547,5
754,999,48122.28516,19767.10547,5
755,999,34302.64453,19767.10547,5
756,999,40830.44922,19767.10547,5
757,999,42615.51172,19767.10547,5
758,999,41429.27734,19767.10547,5
759,999,41872.61328,19767.10547,5
760,999,43388.5625,19767.10547,5
761,999,37739.73438,19767.10547,5
762,999,43042.19922,19767.10547,5
763,999,37056.06641,19767.10547,5
764,999,45567.08594,19767.10547,5
765,999,41543.21484,19767.10547,5
766,999,48313.39844,19767.10547,5
767,999,39457.02344,19767.10547,5
768,999,40522.76953,19767.10547,5
769,999,43908.46094,19767.10547,5
770,999,40082.80469,19767.10547,5
771,999,54896.14844,19767.10547,5
772,999,50459.46094,19767.10547,5
773,999,51159.86719,19767.10547,5
774,999,43008.94922,19767.10547,5
775,999,42138.14453,19767.10547,5
776,999,34466.03906,19767.10547,5
777,999,43851.84375,19767.10547,5
778,999,37017.21875,19767.10547,5
779,999,37988.51953,19767.10547,5
780,999,44682.16797,19767.10547,5
781,999,46721.50781,19767.10547,5
782,999,35912.46875,19767.10547,5
783,999,39256.40234,19767.10547,5
784,999,42804.60156,19767.10547,5
785,999,36961.48438,19767.10547,5
786,999,42623.61328,19767.10547,5
787,999,42602.74609,19767.10547,5
788,999,33459.17969,19767.10547,5
789,999,56334.50391,19767.10547,5
790,999,44912.53516,19767.10547,5
791,999,52436.41797,19767.10547,5
792,999,36394.9375,19767.10547,5
793,999,33461.21875,19767.10547,5
794,999,38806.65234,19767.10547,5
795,999,36329.11328,19767.10547,5
796,999,45351.80859,19767.10547,5
797,999,51076.23047,19767.10547,5
798,999,48228.32422,19767.10547,5
799,999,33324.57813,19767.10547,5
800,999,47346.20703,19767.10547,5
801,999,41196.1875,19767.10547,5
802,999,28552.13477,19767.10547,5
803,999,33473.94531,19767.10547,5
804,999,37893.87109,19767.10547,5
805,999,39434.99609,19767.10547,5
806,999,40723.37109,19767.10547,5
807,999,39230.875,19767.10547,5
808,999,40140.52344,19767.10547,5
809,999,50187.04297,19767.10547,5
810,999,43473.66406,19767.10547,5
811,999,51262.70703,19767.10547,5
812,999,36235.92188,19767.10547,5
813,999,36315.25391,19767.10547,5
814,999,46378.75391,19767.10547,5
815,999,47414.58984,19767.10547,5
816,999,34122.875,19767.10547,5
817,999,46198.88281,19767.10547,5
818,999,40718.46484,19767.10547,5
819,999,36150.83984,19767.10547,5
820,999,36565.87109,19767.10547,5
821,999,35012.23828,19767.10547,5
822,999,30310.32031,19767.10547,5
823,999,44957.26563,19767.10547,5
824,999,45651.05859,19767.10547,5
825,999,40391.17188,19767.10547,5
826,999,31886.97852,19767.10547,5
827,999,38067.73828,19767.10547,5
828,999,35027.73438,19767.10547,5
829,999,35777.5625,19767.10547,5
830,999,36128.24609,19767.10547,5
831,999,37193.95703,19767.10547,5
832,999,35428.87109,19767.10547,5
833,999,32147.93945,19767.10547,5
834,999,35528.13281,19767.10547,5
835,999,40783.55469,19767.10547,5
836,999,35596.86719,19767.10547,5
837,999,45881.52344,19767.10547,5
838,999,42703.4375,19767.10547,5
839,999,31585.76367,19767.10547,5
840,999,35658.25781,19767.10547,5
841,999,30901.83203,19767.10547,5
842,999,32476.34766,19767.10547,5
843,999,28293.47266,19767.10547,5
844,999,44811.10156,19767.10547,5
845,999,35758.07422,19767.10547,5
846,999,34620.80469,19767.10547,5
847,999,50219.16406,19767.10547,5
848,999,35881.60938,19767.10547,5
849,999,27836.5,19767.10547,5
850,999,34639.60547,19767.10547,5
851,999,40136.97656,19767.10547,5
852,999,49383.25781,19767.10547,5
853,999,45402.19922,19767.10547,5
854,999,35921.64063,19767.10547,5
855,999,45560.17969,19767.10547,5
856,999,35150.78906,19767.10547,5
857,999,49155.66797,19767.10547,5
858,999,49955.49609,19767.10547,5
859,999,33363.65625,19767.10547,5
860,999,40269.92969,19767.10547,5
861,999,44868.55078,19767.10547,5
862,999,43400.10156,19767.10547,5
863,999,28371.67773,19767.10547,5
864,999,22071.9043,19767.10547,5
865,999,30469.79297,19767.10547,5
866,999,34845.21094,19767.10547,5
867,999,36131.17188,19767.10547,5
868,999,38441.60156,19767.10547,5
869,999,37603.29688,19767.10547,5
870,999,38120.82813,19767.10547,5
871,999,37832.41797,19767.10547,5
872,999,37839.45313,19767.10547,5
873,999,43036.53516,19767.10547,5
874,999,34980.25781,19767.10547,5
875,999,33798.85938,19767.10547,5
876,999,34242.76953,19767.10547,5
877,999,38832.53125,19767.10547,5
878,999,38008.19922,19767.10547,5
879,999,41516.74609,19767.10547,5
880,999,34896.46875,19767.10547,5
881,999,31391.28125,19767.10547,5
882,999,23316.83008,19767.10547,5
883,999,35481.22266,19767.10547,5
884,999,45528.08984,19767.10547,5
885,999,44686.87891,19767.10547,5
886,999,39913.40234,19767.10547,5
887,999,29549.23438,19767.10547,5
888,999,36579.78516,19767.10547,5
889,999,28883.54492,19767.10547,5
890,999,48241.4375,19767.10547,5
891,999,38622.98047,19767.10547,5
892,999,35287.32422,19767.10547,5
893,999,42839.1875,19767.10547,5
894,999,33480.44531,19767.10547,5
895,999,34550.49609,19767.10547,5
896,999,25508.52344,19767.10547,5
897,999,33309.19922,19767.10547,5
898,999,45005.28125,19767.10547,5
899,999,34880.33203,19767.10547,5
900,999,32204.7793,19767.10547,5
901,999,32056.88281,19767.10547,5
902,999,46887.43359,19767.10547,5
903,999,41640.35547,19767.10547,5
904,999,38011.39844,19767.10547,5
905,999,33944.34375,19767.10547,5
906,999,38534.63281,19767.10547,5
907,999,35315.46094,19767.10547,5
908,999,45611.26172,19767.10547,5
909,999,33813.08594,19767.10547,5
910,999,40080.52734,19767.10547,5
911,999,30140.50586,19767.10547,5
912,999,34383.01172,19767.10547,5
913,999,38489.16797,19767.10547,5
914,999,40389.58594,19767.10547,5
915,999,34913.06641,19767.10547,5
916,999,39218.93359,19767.10547,5
917,999,36387.87891,19767.10547,5
918,999,48853.49609,19767.10547,5
919,999,34074.01563,19767.10547,5
920,999,48336.27344,19767.10547,5
921,999,44649,19767.10547,5
922,999,39529.28516,19767.10547,5
923,999,34143.11719,19767.10547,5
924,999,35178.05859,19767.10547,5
925,999,31351.06641,19767.10547,5
926,999,44154.60938,19767.10547,5
927,999,32213.17383,19767.10547,5
928,999,31595.39063,19767.10547,5
929,999,29425.70117,19767.10547,5
930,999,35250.67188,19767.10547,5
931,999,27123.0918,19767.10547,5
932,999,39048.65625,19767.10547,5
933,999,33217.58594,19767.10547,5
934,999,32565.11133,19767.10547,5
935,999,39588.37891,19767.10547,5
936,999,27753.78516,19767.10547,5
937,999,38092.64063,19767.10547,5
938,999,37399.1875,19767.10547,5
939,999,33170.61719,19767.10547,5
940,999,32078.77344,19767.10547,5
941,999,38902.625,19767.10547,5
942,999,45204.98438,19767.10547,5
943,999,29717.14844,19767.10547,5
944,999,36909.63672,19767.10547,5
945,999,43094.89844,19767.10547,5
946,999,46842.35547,19767.10547,5
947,999,35278.44531,19767.10547,5
948,999,39195.87891,19767.10547,5
949,999,39438.17188,19767.10547,5
950,999,38493.42188,19767.10547,5
951,999,40938.30078,19767.10547,5
952,999,30015.42578,19767.10547,5
953,999,35570.48047,19767.10547,5
954,999,33010.47656,19767.10547,5
955,999,27983.22852,19767.10547,5
956,999,39531.03516,19767.10547,5
957,999,37492.77734,19767.10547,5
958,999,43362.90625,19767.10547,5
959,999,32190.01367,19767.10547,5
960,999,32881.55469,19767.10547,5
961,999,36763.73438,19767.10547,5
962,999,36048.07813,19767.10547,5
963,999,27333.00977,19767.10547,5
964,999,31375.10156,19767.10547,5
965,999,26662.49219,19767.10547,5
966,999,31474.99609,19767.10547,5
967,999,33144.61719,19767.10547,5
968,999,32033.20313,19767.10547,5
969,999,37399.10938,19767.10547,5
970,999,31942.56055,19767.10547,5
971,999,41031.51563,19767.10547,5
972,999,37918.33594,19767.10547,5
973,999,36968.34375,19767.10547,5
974,999,38013.08203,19767.10547,5
975,999,26245.7207,19767.10547,5
976,999,30734.55273,19767.10547,5
977,999,24965.88867,19767.10547,5
978,999,32405.93555,19767.10547,5
979,999,33028.35938,19767.10547,5
980,999,33048.30078,19767.10547,5
981,999,34537.64063,19767.10547,5
982,999,32989.14453,19767.10547,5
983,999,26192.49414,19767.10547,5
984,999,21056.69336,19767.10547,5
985,999,39101.37109,19767.10547,5
986,999,34339.39063,19767.10547,5
987,999,35654.91797,19767.10547,5
988,999,26908.70898,19767.10547,5
989,999,29069.32813,19767.10547,5
990,999,31692.75,19767.10547,5
991,999,32615.0918,19767.10547,5
992,999,30704.34375,19767.10547,5
993,999,30402.1875,19767.10547,5
994,999,40746.21875,19767.10547,5
995,999,35404.86328,19767.10547,5
996,999,25926.15039,19767.10547,5
997,999,38802.12109,19767.10547,5
998,999,33171.55078,19767.10547,5
999,999,26335.75391,19767.10547,5
1000,999,33966.79297,19767.10547,5
1001,999,30003.77539,19767.10547,5
1002,999,31749.39063,19767.10547,5
1003,999,32691.28906,19767.10547,5
1004,999,31690.76563,19767.10547,5
1005,999,38477.00391,19767.10547,5
1006,999,29317.79102,19767.10547,5
1007,999,26534.99023,19767.10547,5
1008,999,25132.56445,19767.10547,5
1009,999,28972.52734,19767.10547,5
1010,999,40597.44922,19767.10547,5
1011,999,33747.96094,19767.10547,5
1012,999,28499.9375,19767.10547,5
1013,999,27384.41797,19767.10547,5
1014,999,32363.14844,19767.10547,5
1015,999,27546.95508,19767.10547,5
1016,999,28544.44922,19767.10547,5
1017,999,28099.0332,19767.10547,5
1018,999,25181.27734,19767.10547,5
1019,999,29658.00586,19767.10547,5
1020,999,30705.16602,19767.10547,5
1021,999,27720.79102,19767.10547,5
1022,999,37290.58594,19767.10547,5
1023,999,25260.98633,19767.10547,5
1024,999,35653.30469,19767.10547,5
1025,999,25408.54688,19767.10547,5
1026,999,29867.67969,19767.10547,5
1027,999,41247.89063,19767.10547,5
1028,999,31425.20703,19767.10547,5
1029,999,19822.80664,19767.10547,5
1030,999,32869.8125,19767.10547,5
1031,999,36461.26172,19767.10547,5
1032,999,25953.04492,19767.10547,5
1033,999,22079.32031,19767.10547,5
1034,999,28871.57813,19767.10547,5
1035,999,27504.48438,19767.10547,5
1036,999,45913.95703,19767.10547,5
1037,999,26456.57617,19767.10547,5
1038,999,31205.35352,19767.10547,5
1039,999,33718.28516,19767.10547,5
1040,999,35324.07422,19767.10547,5
1041,999,30430.87109,19767.10547,5
1042,999,28754.55273,19767.10547,5
1043,999,28503.86328,19767.10547,5
1044,999,22920.5625,19767.10547,5
1045,999,25248.70117,19767.10547,5
1046,999,28814.39063,19767.10547,5
1047,999,28816.45117,19767.10547,5
1048,999,20786.125,19767.10547,5
1049,999,38819.32031,19767.10547,5
1050,999,30723.47266,19767.10547,5
1051,999,29949.66992,19767.10547,5
1052,999,30250.63281,19767.10547,5
1053,999,39060.94531,19767.10547,5
1054,999,26549.40625,19767.10547,5
1055,999,27170.81836,19767.10547,5
1056,999,34634.45703,19767.10547,5
1057,999,30439.58789,19767.10547,5
1058,999,39094.71875,19767.10547,5
1059,999,27808.5625,19767.10547,5
1060,999,24783.94727,19767.10547,5
1061,999,33987.33984,19767.10547,5
1062,999,26110,19767.10547,5
1063,999,29604.60156,19767.10547,5
1064,999,31192.90625,19767.10547,5
1065,999,33257.30859,19767.10547,5
1066,999,34237.42578,19767.10547,5
1067,999,30321.20508,19767.10547,5
1068,999,24082.59766,19767.10547,5
1069,999,31359.34375,19767.10547,5
1070,999,29925.94922,19767.10547,5
1071,999,24718.26563,19767.10547,5
1072,999,35569.43359,19767.10547,5
1073,999,34316.69922,19767.10547,5
1074,999,17784.15234,19767.10547,5
1075,999,24408.58789,17784.15234,6
1076,999,31953.22266,17784.15234,6
1077,999,31687.63867,17784.15234,6
1078,999,30481.31641,17784.15234,6
1079,999,28958.24805,17784.15234,6
1080,999,31040.54883,17784.15234,6
1081,999,29111.92969,17784.15234,6
1082,999,35632.94531,17784.15234,6
1083,999,30666.81055,17784.15234,6
1084,999,25299.11328,17784.15234,6
1085,999,34488.60156,17784.15234,6
1086,999,28077.67773,17784.15234,6
1087,999,29716.77734,17784.15234,6
1088,999,28511.73828,17784.15234,6
1089,999,24857.37109,17784.15234,6
1090,999,20419.82422,17784.15234,6
1091,999,37056.51563,17784.15234,6
1092,999,25810.5332,17784.15234,6
1093,999,17988.14648,17784.15234,6
1094,999,34011.64844,17784.15234,6
1095,999,25319.21094,17784.15234,6
1096,999,36185.27344,17784.15234,6
1097,999,26272.92578,17784.15234,6
1098,999,24643.45313,17784.15234,6
1099,999,23674.18555,17784.15234,6
1100,999,25969.7832,17784.15234,6
1101,999,28268.54883,17784.15234,6
1102,999,21846.625,17784.15234,6
1103,999,22614.64648,17784.15234,6
1104,999,24817.37891,17784.15234,6
1105,999,31742.63867,17784.15234,6
1106,999,28534.0918,17784.15234,6
1107,999,35427.82813,17784.15234,6
1108,999,26279.32422,17784.15234,6
1109,999,27212.49414,17784.15234,6
1110,999,25077.03125,17784.15234,6
1111,999,28043.59766,17784.15234,6
1112,999,27783.25586,17784.15234,6
1113,999,21656.00586,17784.15234,6
1114,999,25470.40039,17784.15234,6
1115,999,20823.75781,17784.15234,6
1116,999,24300.25,17784.15234,6
1117,999,24670.59766,17784.15234,6
1118,999,23623.5957,17784.15234,6
1119,999,28160.51953,17784.15234,6
1120,999,26445.53906,17784.15234,6
1121,999,28954.94922,17784.15234,6
1122,999,23834.77344,17784.15234,6
1123,999,19850.76953,17784.15234,6
1124,999,30964.56055,17784.15234,6
1125,999,19997.63477,17784.15234,6
1126,999,31087.46484,17784.15234,6
1127,999,27474.13477,17784.15234,6
1128,999,27542.96484,17784.15234,6
1129,999,23859.87695,17784.15234,6
1130,999,22685.44141,17784.15234,6
1131,999,20697.37109,17784.15234,6
1132,999,27648.37305,17784.15234,6
1133,999,16506.26172,17784.15234,6
1134,999,17947.38281,16506.26172,7
1135,999,19709.09961,16506.26172,7
1136,999,22264.14063,16506.26172,7
1137,999,30211.13281,16506.26172,7
1138,999,25326.16211,16506.26172,7
1139,999,35221.60938,16506.26172,7
1140,999,28734.74805,16506.26172,7
1141,999,28415.45117,16506.26172,7
1142,999,24629.63086,16506.26172,7
1143,999,14865.67383,16506.26172,7
1144,999,20305.62305,14865.67383,8
1145,999,30825.02344,14865.67383,8
1146,999,19815.11523,14865.67383,8
1147,999,31234.73047,14865.67383,8
1148,999,24146.01367,14865.67383,8
1149,999,18081.88672,14865.67383,8
1150,999,25872.05664,14865.67383,8
1151,999,18544.84961,14865.67383,8
1152,999,13942.64063,14865.67383,8
1153,999,18541.66797,13942.64063,9
1154,999,24972.16406,13942.64063,9
1155,999,30881.05469,13942.64063,9
1156,999,25208.67383,13942.64063,9
1157,999,26444.28516,13942.64063,9
1158,999,21832.74805,13942.64063,9
1159,999,23260.97852,13942.64063,9
1160,999,25987.68164,13942.64063,9
1161,999,22601.73438,13942.64063,9
1162,999,20538.08789,13942.64063,9
1163,999,22480.81641,13942.64063,9
1164,999,17277.08789,13942.64063,9
1165,999,25694.77148,13942.64063,9
1166,999,21025.53906,13942.64063,9
1167,999,25583.98828,13942.64063,9
1168,999,27768.0625,13942.64063,9
1169,999,20555.00586,13942.64063,9
1170,999,19205.70313,13942.64063,9
1171,999,24252.72852,13942.64063,9
1172,999,25994.14063,13942.64063,9
1173,999,21949.35156,13942.64063,9
1174,999,19827.93359,13942.64063,9
1175,999,20018.32031,13942.64063,9
1176,999,23264.06641,13942.64063,9
1177,999,22333.83203,13942.64063,9
1178,999,17080.4668,13942.64063,9
1179,999,23717.96875,13942.64063,9
1180,999,25538.07813,13942.64063,9
1181,999,15715.96289,13942.64063,9
1182,999,18412.47461,13942.64063,9
1183,999,21026.05664,13942.64063,9
1184,999,19240.79492,13942.64063,9
1185,999,18779.10742,13942.64063,9
1186,999,21701.35938,13942.64063,9
1187,999,17612.00586,13942.64063,9
1188,999,20412.72656,13942.64063,9
1189,999,31880.30078,13942.64063,9
1190,999,20010.85547,13942.64063,9
1191,999,20610.29297,13942.64063,9
1192,999,20383.06055,13942.64063,9
1193,999,16724.48438,13942.64063,9
1194,999,25527.23047,13942.64063,9
1195,999,21377.84961,13942.64063,9
1196,999,22440.4707,13942.64063,9
1197,999,14403.30762,13942.64063,9
1198,999,26909.14063,13942.64063,9
1199,999,22917.67773,13942.64063,9
1200,999,18753.48438,13942.64063,9
1201,999,22622.05664,13942.64063,9
1202,999,20342.64648,13942.64063,9
1203,999,15766.39258,13942.64063,9
1204,999,21443.26953,13942.64063,9
1205,999,21002.57422,13942.64063,9
1206,999,19270.33203,13942.64063,9
1207,999,22841.51758,13942.64063,9
1208,999,20257.63086,13942.64063,9
1209,999,17674.33789,13942.64063,9
1210,999,25276.20898,13942.64063,9
1211,999,19698.03711,13942.64063,9
1212,999,23391.69141,13942.64063,9
1213,999,26442.95508,13942.64063,9
1214,999,30860.70703,13942.64063,9
1215,999,25155.74023,13942.64063,9
1216,999,19902.93555,13942.64063,9
1217,999,20687.5918,13942.64063,9
1218,999,22117.42383,13942.64063,9
1219,999,20445.48633,13942.64063,9
1220,999,18660.01953,13942.64063,9
1221,999,22428.11719,13942.64063,9
1222,999,24287.22852,13942.64063,9
1223,999,16354.03711,13942.64063,9
1224,999,13882.16113,13942.64063,9
1225,999,21766.06641,13882.16113,10
1226,999,18867.86914,13882.16113,10
1227,999,20414.54102,13882.16113,10
1228,999,17995.38477,13882.16113,10
1229,999,20579.0293,13882.16113,10
1230,999,17421.89063,13882.16113,10
1231,999,22190.72656,13882.16113,10
1232,999,16450.96875,13882.16113,10
1233,999,25452.6582,13882.16113,10
1234,999,21696.60742,13882.16113,10
1235,999,20990.72461,13882.16113,10
1236,999,22372.19141,13882.16113,10
1237,999,14958.19531,13882.16113,10
1238,999,16188.44336,13882.16113,10
1239,999,15798.02539,13882.16113,10
1240,999,14993.23828,13882.16113,10
1241,999,16780.80469,13882.16113,10
1242,999,16999.52539,13882.16113,10
1243,999,17806.84961,13882.16113,10
1244,999,15839.39844,13882.16113,10
1245,999,16506.11328,13882.16113,10
1246,999,17615.83984,13882.16113,10
1247,999,16311.92676,13882.16113,10
1248,999,12631.28027,13882.16113,10
1249,999,16173.38281,12631.28027,11
1250,999,20192.30078,12631.28027,11
1251,999,20224.78711,12631.28027,11
1252,999,22036.97656,12631.28027,11
1253,999,21535.59961,12631.28027,11
1254,999,13280.4375,12631.28027,11
1255,999,19861.72656,12631.28027,11
1256,999,25658.30078,12631.28027,11
1257,999,25092.46875,12631.28027,11
1258,999,13672.5791,12631.28027,11
1259,999,19592.69727,12631.28027,11
1260,999,18575.2168,12631.28027,11
1261,999,19347.20508,12631.28027,11
1262,999,10857.66602,12631.28027,11
1263,999,8100.022461,10857.66602,12
1264,999,16483.70313,8100.022461,13
1265,999,14367.0957,8100.022461,13
1266,999,15588.71777,8100.022461,13
1267,999,19176.53906,8100.022461,13
1268,999,9887.712891,8100.022461,13
1269,999,19404.56445,8100.022461,13
1270,999,17237.50977,8100.022461,13
1271,999,12293.69531,8100.022461,13
1272,999,20766.56055,8100.022461,13
1273,999,20657.65625,8100.022461,13
1274,999,18204.74219,8100.022461,13
1275,999,16544.06445,8100.022461,13
1276,999,18394.98242,8100.022461,13
1277,999,20065.96875,8100.022461,13
1278,999,17989.68945,8100.022461,13
1279,999,17412.61328,8100.022461,13
1280,999,27428.68945,8100.022461,13
1281,999,17050.92188,8100.022461,13
1282,999,13140.89063,8100.022461,13
1283,999,14122.21875,8100.022461,13
1284,999,20791.1582,8100.022461,13
1285,999,18578.62109,8100.022461,13
1286,999,16093.44141,8100.022461,13
1287,999,17922.66797,8100.022461,13
1288,999,22389.97852,8100.022461,13
1289,999,11880.92969,8100.022461,13
1290,999,15775.85254,8100.022461,13
1291,999,13588.78223,8100.022461,13
1292,999,10159.96973,8100.022461,13
1293,999,17488.22852,8100.022461,13
1294,999,19560.68164,8100.022461,13
1295,999,20661.39648,8100.022461,13
1296,999,16971.11328,8100.022461,13
1297,999,18776.28516,8100.022461,13
1298,999,16082.66309,8100.022461,13
1299,999,18143.66211,8100.022461,13
1300,999,12825.75879,8100.022461,13
1301,999,8868.670898,8100.022461,13
1302,999,22878.52148,8100.022461,13
1303,999,22595.24609,8100.022461,13
1304,999,16101.82617,8100.022461,13
1305,999,14285.45508,8100.022461,13
1306,999,13950.16602,8100.022461,13
1307,999,15869.86816,8100.022461,13
1308,999,16729.1582,8100.022461,13
1309,999,16446.56641,8100.022461,13
1310,999,14994.96387,8100.022461,13
1311,999,12572.24707,8100.022461,13
1312,999,15005.85645,8100.022461,13
1313,999,13403.74414,8100.022461,13
1314,999,15131.16992,8100.022461,13
1315,999,13228.14648,8100.022461,13
1316,999,15531.33887,8100.022461,13
1317,999,13431.61035,8100.022461,13
1318,999,14192.70703,8100.022461,13
1319,999,14742.20215,8100.022461,13
1320,999,16307.93164,8100.022461,13
1321,999,16240.53125,8100.022461,13
1322,999,18320.10938,8100.022461,13
1323,999,17444.15234,8100.022461,13
1324,999,10810.6543,8100.022461,13
1325,999,16803.23438,8100.022461,13
1326,999,11619.58398,8100.022461,13
1327,999,8851.621094,8100.022461,13
1328,999,16069.07813,8100.022461,13
1329,999,13753.11621,8100.022461,13
1330,999,9853.753906,8100.022461,13
1331,999,12313.4248,8100.022461,13
1332,999,11150.70801,8100.022461,13
1333,999,11353.60547,8100.022461,13
1334,999,15763.65332,8100.022461,13
1335,999,11358.44727,8100.022461,13
1336,999,14101.47168,8100.022461,13
1337,999,13009.40039,8100.022461,13
1338,999,15250.56934,8100.022461,13
1339,999,16590.22461,8100.022461,13
1340,999,10239.68164,8100.022461,13
1341,999,12529.0791,8100.022461,13
1342,999,11159.02637,8100.022461,13
1343,999,21410.0293,8100.022461,13
1344,999,15952.77344,8100.022461,13
1345,999,17094.59961,8100.022461,13
1346,999,16524.92188,8100.022461,13
1347,999,16055.34961,8100.022461,13
1348,999,9094.334961,8100.022461,13
1349,999,19347.37891,8100.022461,13
1350,999,10462.06641,8100.022461,13
1351,999,14013.44336,8100.022461,13
1352,999,11995.71094,8100.022461,13
1353,999,8963.264648,8100.022461,13
1354,999,15832.2627,8100.022461,13
1355,999,16520.35352,8100.022461,13
1356,999,11483.99902,8100.022461,13
1357,999,18460.60742,8100.022461,13
1358,999,12171.1543,8100.022461,13
1359,999,9162.455078,8100.022461,13
1360,999,10675.99316,8100.022461,13
1361,999,11517.52539,8100.022461,13
1362,999,10837.66406,8100.022461,13
1363,999,12618.5957,8100.022461,13
1364,999,8101.108398,8100.022461,13
1365,999,13640.19434,8100.022461,13
1366,999,15630.62988,8100.022461,13
1367,999,8730.333984,8100.022461,13
1368,999,9527.171875,8100.022461,13
1369,999,13391.125,8100.022461,13
1370,999,8400.128906,8100.022461,13
1371,999,8154.967773,8100.022461,13
1372,999,7870.228027,8100.022461,13
1373,999,7518.531738,7870.228027,14
1374,999,12021.3877,7518.531738,15
1375,999,12279.3125,7518.531738,15
1376,999,12660.24023,7518.531738,15
1377,999,12849.19922,7518.531738,15
1378,999,15910.24219,7518.531738,15
1379,999,11850.66602,7518.531738,15
1380,999,11732.97852,7518.531738,15
1381,999,4458.396484,7518.531738,15
1382,999,4058.893311,4458.396484,16
1383,999,10749.33105,4058.893311,17
1384,999,14251.1543,4058.893311,17
1385,999,10345.18652,4058.893311,17
1386,999,9359.667969,4058.893311,17
1387,999,13053.24414,4058.893311,17
1388,999,5190.251465,4058.893311,17
1389,999,16683.78711,4058.893311,17
1390,999,10042.62891,4058.893311,17
1391,999,5024.883301,4058.893311,17
1392,999,16570.61133,4058.893311,17
1393,999,8256.725586,4058.893311,17
1394,999,11447.4209,4058.893311,17
1395,999,3772.719482,4058.893311,17
1396,999,10819.94629,3772.719482,18
1397,999,15436.64355,3772.719482,18
1398,999,16492.30664,3772.719482,18
1399,999,8724.569336,3772.719482,18
1400,999,8802.208008,3772.719482,18
1401,999,7761.342773,3772.719482,18
1402,999,10480.52344,3772.719482,18
1403,999,14669.9707,3772.719482,18
1404,999,10797.63086,3772.719482,18
1405,999,8887.890625,3772.719482,18
1406,999,11851.09766,3772.719482,18
1407,999,8650.954102,3772.719482,18
1408,999,7000.441895,3772.719482,18
1409,999,11132.60645,3772.719482,18
1410,999,8948.611328,3772.719482,18
1411,999,9317.305664,3772.719482,18
1412,999,7361.270508,3772.719482,18
1413,999,9794.526367,3772.719482,18
1414,999,5730.404297,3772.719482,18
1415,999,10235.73828,3772.719482,18
1416,999,10717.08203,3772.719482,18
1417,999,7565.796875,3772.719482,18
1418,999,5581.751953,3772.719482,18
1419,999,9333.661133,3772.719482,18
1420,999,8857.817383,3772.719482,18
1421,999,10383.87891,3772.719482,18
1422,999,8084.377441,3772.719482,18
1423,999,7848.32666,3772.719482,18
1424,999,5496.196777,3772.719482,18
1425,999,14744.64844,3772.719482,18
1426,999,11859.41504,3772.719482,18
1427,999,5000.135254,3772.719482,18
1428,999,5400.274902,3772.719482,18
1429,999,7996.271973,3772.719482,18
1430,999,6485.015137,3772.719482,18
1431,999,9137.136719,3772.719482,18
1432,999,8542.305664,3772.719482,18
1433,999,12383.46289,3772.719482,18
1434,999,7913.074219,3772.719482,18
1435,999,6285.785156,3772.719482,18
1436,999,5622.726563,3772.719482,18
1437,999,9110.293945,3772.719482,18
1438,999,8622.111328,3772.719482,18
1439,999,4668.312988,3772.719482,18
1440,999,7877.053711,3772.719482,18
1441,999,6552.558594,3772.719482,18
1442,999,5504.786621,3772.719482,18
1443,999,6446.972168,3772.719482,18
1444,999,13370.7832,3772.719482,18
1445,999,9764.71875,3772.719482,18
1446,999,4787.535156,3772.719482,18
1447,999,7872.702148,3772.719482,18
1448,999,10977.16113,3772.719482,18
1449,999,7167.26709,3772.719482,18
1450,999,3481.139648,3772.719482,18
1451,999,6821.596191,3481.139648,19
1452,999,2924.850098,3481.139648,19
1453,999,6565.913574,2924.850098,20
1454,999,6810.660645,2924.850098,20
1455,999,7344.739258,2924.850098,20
1456,999,10356.00586,2924.850098,20
1457,999,10039.93457,2924.850098,20
1458,999,9918.395508,2924.850098,20
1459,999,5037.721191,2924.850098,20
1460,999,6087.324219,2924.850098,20
1461,999,5705.959473,2924.850098,20
1462,999,8788.678711,2924.850098,20
1463,999,9871.623047,2924.850098,20
1464,999,4267.32373,2924.850098,20
1465,999,7373.595703,2924.850098,20
1466,999,7117.942383,2924.850098,20
1467,999,11254.87598,2924.850098,20
1468,999,5835.742676,2924.850098,20
1469,999,11824.69531,2924.850098,20
1470,999,7418.479004,2924.850098,20
1471,999,8156.910645,2924.850098,20
1472,999,6707.650391,2924.850098,20
1473,999,3294.703125,2924.850098,20
1474,999,8765.27832,2924.850098,20
1475,999,7699.263672,2924.850098,20
1476,999,3680.015869,2924.850098,20
1477,999,4752.371582,2924.850098,20
1478,999,2864.63501,2924.850098,20
1479,999,7468.004883,2864.63501,21
1480,999,6344.780762,2864.63501,21
1481,999,2281.533691,2864.63501,21
1482,999,5973.58252,2281.533691,22
1483,999,7488.655273,2281.533691,22
1484,999,2524.516846,2281.533691,22
1485,999,6994.616699,2281.533691,22
1486,999,7059.947266,2281.533691,22
1487,999,8545.166992,2281.533691,22
1488,999,6070.817871,2281.533691,22
1489,999,2060.220947,2281.533691,22
1490,999,7299.899414,2060.220947,23
1491,999,6876.128906,2060.220947,23
1492,999,6669.787598,2060.220947,23
1493,999,5072.416016,2060.220947,23
1494,999,9037.595703,2060.220947,23
1495,999,6219.114746,2060.220947,23
1496,999,10401.21289,2060.220947,23
1497,999,3574.409912,2060.220947,23
1498,999,3481.15625,2060.220947,23
1499,999,2023.214111,2060.220947,23
1500,999,7198.884766,2023.214111,24
1501,999,7900.604492,2023.214111,24
1502,999,6668.291016,2023.214111,24
1503,999,5008.753906,2023.214111,24
1504,999,8783.834961,2023.214111,24
1505,999,2253.823242,2023.214111,24
1506,999,7525.571777,2023.214111,24
1507,999,8099.480957,2023.214111,24
1508,999,9058.298828,2023.214111,24
1509,999,4435.09668,2023.214111,24
1510,999,5428.675781,2023.214111,24
1511,999,3869.092773,2023.214111,24
1512,999,3457.584717,2023.214111,24
1513,999,9590.119141,2023.214111,24
1514,999,3549.638428,2023.214111,24
1515,999,7877.222656,2023.214111,24
1516,999,7287.865234,2023.214111,24
1517,999,4007.362793,2023.214111,24
1518,999,2065.209473,2023.214111,24
1519,999,2946.980957,2023.214111,24
1520,999,4112.549805,2023.214111,24
1521,999,4158.408203,2023.214111,24
1522,999,1353.338013,2023.214111,24
1523,999,4107.991211,1353.338013,25
1524,999,3390.28418,1353.338013,25
1525,999,6020.208008,1353.338013,25
1526,999,8606.120117,1353.338013,25
1527,999,1477.924438,1353.338013,25
1528,999,3090.183105,1353.338013,25
1529,999,4615.809082,1353.338013,25
1530,999,2715.160645,1353.338013,25
1531,999,2097.876465,1353.338013,25
1532,999,4384.835449,1353.338013,25
1533,999,1474.826294,1353.338013,25
1534,999,3897.256836,1353.338013,25
1535,999,595.3633423,1353.338013,25
1536,999,2693.320801,595.3633423,26
1537,999,5136.282715,595.3633423,26
1538,999,2941.582031,595.3633423,26
1539,999,2438.119873,595.3633423,26
1540,999,5220.594727,595.3633423,26
1541,999,1944.873413,595.3633423,26
1542,999,5255.51416,595.3633423,26
1543,999,3242.289795,595.3633423,26
1544,999,3069.357666,595.3633423,26
1545,999,5889.244629,595.3633423,26
1546,999,6852.777344,595.3633423,26
1547,999,1527.539795,595.3633423,26
1548,999,1859.177856,595.3633423,26
1549,999,3340.547119,595.3633423,26
1550,999,2877.874756,595.3633423,26
1551,999,482.355896,595.3633423,26
1552,999,4399.237305,482.355896,27
1553,999,2469.310547,482.355896,27
1554,999,5978.07373,482.355896,27
1555,999,5018.226074,482.355896,27
1556,999,4430.858398,482.355896,27
1557,999,270.106781,482.355896,27
1558,999,6269.05957,270.106781,28
1559,999,1805.149292,270.106781,28
1560,999,3644.859863,270.106781,28
1561,999,4808.804199,270.106781,28
1562,999,2958.091797,270.106781,28
1563,999,4012.825928,270.106781,28
1564,999,1777.418213,270.106781,28
1565,999,4803.436035,270.106781,28
1566,999,994.4255371,270.106781,28
1567,999,1891.951782,270.106781,28
1568,999,7744.438965,270.106781,28
1569,999,3894.318848,270.106781,28
1570,999,972.9519043,270.106781,28
1571,999,5713.681641,270.106781,28
1572,999,5140.529785,270.106781,28
1573,999,6318.386719,270.106781,28
1574,999,1072.291382,270.106781,28
1575,999,-88.50527954,270.106781,28
1576,999,5.443876743,-88.50527954,29
1577,999,7721.918457,-88.50527954,29
1578,999,2482.831787,-88.50527954,29
1579,999,3071.442627,-88.50527954,29
1580,999,4631.125,-88.50527954,29
1581,999,1251.870483,-88.50527954,29
1582,999,4836.393066,-88.50527954,29
1583,999,2832.890137,-88.50527954,29
1584,999,2095.271729,-88.50527954,29
1585,999,2827.648926,-88.50527954,29
1586,999,2336.430908,-88.50527954,29
1587,999,458.6372681,-88.50527954,29
1588,999,1974.514526,-88.50527954,29
1589,999,3481.229004,-88.50527954,29
1590,999,5495.465332,-88.50527954,29
1591,999,6637.373047,-88.50527954,29
1592,999,1722.568726,-88.50527954,29
1593,999,1963.160645,-88.50527954,29
1594,999,2358.443604,-88.50527954,29
1595,999,2816.223389,-88.50527954,29
1596,999,889.3237915,-88.50527954,29
1597,999,637.8737183,-88.50527954,29
1598,999,-486.6889038,-88.50527954,29
1599,999,4821.431641,-486.6889038,30
1600,999,1455.083496,-486.6889038,30
1601,999,3680.37207,-486.6889038,30
1602,999,245.7544708,-486.6889038,30
